Actual AQI,Predicted AQI
65.0,66.75937
79.0,90.511925
54.0,57.278755
65.0,53.644703
219.0,201.50732
93.0,95.24852
187.0,131.1044
112.0,122.06106
158.0,149.22568
156.0,154.26492
153.0,130.30124
181.0,179.45276
148.0,147.57413
109.0,111.848076
227.0,220.01974
142.0,143.63007
103.0,100.41887
188.0,190.76213
245.0,241.25497
500.0,379.5271
74.0,74.650475
98.0,93.60396
151.0,147.06784
79.0,81.075516
185.0,175.0911
184.0,186.87987
43.0,48.54482
94.0,90.85964
107.0,135.5049
106.0,102.312126
38.0,59.663723
223.0,194.64034
121.0,131.19478
112.0,111.677055
49.0,59.586193
175.0,150.98856
75.0,89.6435
80.0,81.434326
85.0,87.34811
102.0,115.31808
81.0,84.48473
91.0,118.69482
143.0,137.37589
90.0,80.17185
257.0,205.47849
89.0,94.625595
107.0,111.2102
55.0,47.442005
71.0,72.745224
69.0,79.86637
75.0,79.343506
82.0,81.34281
65.0,207.25508
199.0,230.21016
91.0,99.647804
76.0,80.736855
112.0,141.64877
177.0,160.07715
114.0,119.42736
37.0,64.045364
51.0,63.857616
30.0,38.563015
168.0,154.16623
90.0,90.78127
87.0,69.91921
63.0,72.87864
129.0,133.42381
82.0,84.981476
76.0,88.81337
68.0,62.518833
203.0,179.95921
206.0,204.85252
54.0,50.79758
173.0,153.37302
94.0,83.47576
69.0,81.64558
200.0,192.76582
91.0,86.19055
94.0,99.619835
47.0,57.186016
69.0,75.11096
93.0,83.406715
42.0,102.95049
221.0,548.7234
169.0,161.27579
61.0,57.319935
59.0,59.85712
123.0,114.95351
208.0,191.69626
62.0,70.87658
235.0,224.00125
102.0,104.322205
57.0,57.10777
162.0,200.05765
143.0,131.733
100.0,95.142845
153.0,159.5813
156.0,161.95718
63.0,188.88918
31.0,41.184925
82.0,82.71927
500.0,584.71814
106.0,107.849045
168.0,156.1356
211.0,225.32347
259.0,200.11026
94.0,91.91665
68.0,70.14148
157.0,203.6824
91.0,104.968025
236.0,225.48688
153.0,136.6774
253.0,228.40195
119.0,126.60581
172.0,157.64317
51.0,52.03683
173.0,160.71188
107.0,106.14675
204.0,195.9242
142.0,147.34702
126.0,126.08427
180.0,192.30927
110.0,97.951294
232.0,239.60152
150.0,147.71683
125.0,116.068
223.0,186.56752
141.0,124.8321
76.0,86.61702
58.0,54.232693
188.0,181.18152
107.0,98.30191
87.0,109.038506
226.0,204.53256
189.0,199.57816
179.0,134.63364
168.0,208.09705
59.0,60.962307
124.0,133.88025
131.0,136.83244
37.0,63.33654
51.0,56.113907
61.0,57.316692
129.0,125.18066
92.0,111.902855
165.0,183.98389
184.0,163.57751
178.0,171.45105
55.0,58.647495
130.0,140.3465
68.0,67.20084
180.0,175.91876
46.0,44.995583
51.0,52.41537
119.0,119.76513
156.0,140.97679
123.0,100.67532
168.0,148.5546
59.0,60.349247
138.0,128.03572
118.0,113.584656
88.0,87.74366
180.0,188.81572
117.0,124.644005
112.0,89.23802
224.0,209.08545
153.0,66.66013
87.0,84.87855
50.0,59.858437
269.0,196.9674
106.0,118.20213
59.0,74.342926
54.0,48.88335
194.0,186.03772
253.0,245.17471
161.0,171.66727
153.0,130.40442
100.0,104.285286
164.0,163.03441
53.0,81.08164
44.0,49.157032
225.0,211.8057
91.0,111.85457
177.0,189.01726
221.0,221.147
59.0,62.571922
123.0,109.20071
168.0,156.27063
93.0,111.44793
139.0,138.71185
171.0,145.65189
197.0,197.6625
90.0,92.43285
122.0,119.53124
87.0,92.42359
61.0,71.59609
59.0,65.55794
219.0,209.33846
80.0,72.92148
46.0,48.426987
425.0,335.23782
96.0,101.4119
203.0,208.02902
59.0,54.362614
85.0,101.60819
33.0,89.14547
87.0,85.924095
215.0,202.70003
84.0,88.20403
253.0,246.79048
87.0,92.747
67.0,68.778915
151.0,148.76593
274.0,230.90619
155.0,165.16133
136.0,130.08434
90.0,98.62226
50.0,57.49262
185.0,184.56505
191.0,207.99976
82.0,87.75958
208.0,223.67729
61.0,60.46144
72.0,80.21248
65.0,68.56054
383.0,233.89148
80.0,88.72768
53.0,55.64367
137.0,128.41704
67.0,55.805706
132.0,139.90884
155.0,152.23573
169.0,166.06317
85.0,88.90981
150.0,154.92542
115.0,111.295784
103.0,110.78693
95.0,84.22691
184.0,193.98434
330.0,323.62238
49.0,62.297226
59.0,75.2693
152.0,152.5618
205.0,189.88661
226.0,201.52185
146.0,142.10023
195.0,213.05505
271.0,171.00179
77.0,82.23029
110.0,120.1704
148.0,109.21466
51.0,51.324764
64.0,59.9683
42.0,52.651108
76.0,86.58881
131.0,124.819756
195.0,191.78265
52.0,49.3056
97.0,108.525856
171.0,187.63351
89.0,92.85526
235.0,190.85878
123.0,125.23115
74.0,84.72379
85.0,100.90505
49.0,51.157757
80.0,84.04073
178.0,154.55908
161.0,174.96974
58.0,60.34315
79.0,87.027016
73.0,73.489784
50.0,47.712364
65.0,66.679665
47.0,52.546154
240.0,210.23799
191.0,187.82669
108.0,112.94961
155.0,148.75195
29.0,36.42245
200.0,210.20818
84.0,92.72869
90.0,94.030815
50.0,60.268795
215.0,201.30138
240.0,214.60718
202.0,198.45592
155.0,151.64832
85.0,87.52309
212.0,282.74896
50.0,44.57115
115.0,115.54551
50.0,68.71861
92.0,94.32858
150.0,161.9125
54.0,54.67622
143.0,61.278454
135.0,136.89577
55.0,53.16512
181.0,141.85416
162.0,148.89297
148.0,151.0145
151.0,143.67743
185.0,164.25768
500.0,561.5099
167.0,172.11813
208.0,250.4111
175.0,217.65854
53.0,84.91708
151.0,149.85002
56.0,83.8695
87.0,69.177025
225.0,205.39862
196.0,164.47577
93.0,89.63596
122.0,128.32896
56.0,44.148396
67.0,68.33402
97.0,131.79878
152.0,259.79788
151.0,145.97028
59.0,57.859653
110.0,100.253624
96.0,101.45846
38.0,40.604652
92.0,70.62715
21.0,109.1448
85.0,89.75361
176.0,157.75955
233.0,214.88383
64.0,53.96724
258.0,224.04114
96.0,94.223915
175.0,177.05417
103.0,100.485985
154.0,149.31613
82.0,82.44585
189.0,175.20128
139.0,143.86511
61.0,57.07291
287.0,282.99286
83.0,89.88228
273.0,199.73282
64.0,63.0817
102.0,103.10923
114.0,110.8502
96.0,111.584145
90.0,111.83674
237.0,231.2095
50.0,49.867596
70.0,82.95645
155.0,150.22873
219.0,196.74869
67.0,65.08794
74.0,75.29125
181.0,169.01212
88.0,87.24622
82.0,85.505745
204.0,226.75105
100.0,97.25555
114.0,117.56898
59.0,63.279293
275.0,220.35114
95.0,104.94782
174.0,166.76166
107.0,106.26922
86.0,89.32366
163.0,169.33035
69.0,62.823166
56.0,60.49432
169.0,155.52798
186.0,189.05518
87.0,95.730255
126.0,113.05285
259.0,254.1992
122.0,118.17341
101.0,112.47588
60.0,63.62881
51.0,51.38548
237.0,237.95245
130.0,128.54616
288.0,272.34268
72.0,76.01206
70.0,68.14026
120.0,86.894966
52.0,61.15157
78.0,92.062065
122.0,134.03374
85.0,90.27564
65.0,67.99761
95.0,83.400826
163.0,185.53355
101.0,128.71716
160.0,173.54858
64.0,71.64046
72.0,84.4096
154.0,143.96594
25.0,39.462574
98.0,96.438255
55.0,64.52861
50.0,46.677723
181.0,188.94354
46.0,34.93795
104.0,128.51016
249.0,212.84518
56.0,60.38814
59.0,121.94941
220.0,190.00969
98.0,88.149345
80.0,80.24034
145.0,154.84274
91.0,101.543594
235.0,197.46213
89.0,97.21096
140.0,145.19064
188.0,188.14943
77.0,87.372765
87.0,90.025986
93.0,96.3514
158.0,208.10657
74.0,69.767586
81.0,70.23151
107.0,103.05126
137.0,134.19894
87.0,92.83715
130.0,124.897545
153.0,97.242424
161.0,148.81772
264.0,139.16495
144.0,143.42514
118.0,122.247795
104.0,81.04745
57.0,58.36198
139.0,170.09546
74.0,76.57322
156.0,88.980064
176.0,184.60086
149.0,109.12
150.0,133.12268
192.0,88.186226
116.0,95.93401
151.0,245.34747
89.0,105.91741
82.0,91.16836
156.0,161.34406
49.0,69.128586
58.0,59.64687
63.0,61.187103
154.0,161.24002
205.0,198.56314
77.0,80.061874
176.0,163.52124
142.0,137.3219
172.0,241.10721
86.0,86.881386
155.0,140.38539
373.0,338.56195
63.0,102.12173
221.0,192.20447
241.0,192.76154
101.0,104.32606
62.0,65.68835
400.0,376.55072
84.0,89.31579
91.0,90.46714
84.0,82.10171
123.0,128.69026
131.0,130.09343
151.0,150.46826
224.0,216.60747
224.0,208.6282
161.0,162.3089
216.0,173.9139
221.0,206.12967
80.0,74.074165
165.0,149.80185
266.0,245.84015
111.0,110.029495
69.0,80.50492
74.0,104.30364
116.0,105.5031
218.0,205.34125
91.0,81.781456
150.0,114.4866
163.0,163.0963
212.0,197.25082
237.0,239.17645
183.0,175.94318
70.0,64.5064
244.0,249.79366
195.0,161.80652
120.0,126.55803
209.0,188.84117
121.0,115.50151
137.0,132.12697
149.0,141.66022
90.0,88.32626
67.0,64.64047
67.0,62.61251
43.0,45.02589
94.0,95.49158
42.0,40.533817
153.0,141.50824
225.0,219.03165
183.0,179.25522
142.0,157.88525
126.0,116.55427
204.0,199.16946
265.0,205.74954
115.0,115.76524
87.0,85.1977
67.0,59.983524
75.0,84.6412
183.0,177.28107
188.0,181.04082
54.0,51.851604
211.0,181.95952
195.0,194.73343
100.0,96.45599
273.0,188.90036
71.0,50.254883
166.0,172.89825
56.0,57.171577
63.0,59.760452
51.0,60.34161
171.0,167.21068
264.0,214.89334
205.0,172.90962
102.0,122.390854
187.0,182.26266
217.0,199.94174
244.0,225.33586
128.0,135.10953
212.0,216.60707
292.0,300.43475
93.0,81.482666
171.0,150.70206
245.0,148.70427
165.0,201.8431
156.0,139.52367
110.0,105.16561
56.0,49.89387
51.0,57.79688
74.0,60.30194
184.0,227.25159
153.0,142.08438
40.0,56.723705
193.0,205.33572
175.0,175.58295
87.0,82.42623
42.0,40.644985
151.0,155.12314
78.0,110.97848
85.0,96.920876
177.0,129.57231
67.0,69.129295
183.0,219.08176
159.0,184.3429
68.0,79.46975
183.0,186.16217
146.0,148.4235
83.0,75.0976
67.0,67.115746
259.0,237.39343
262.0,243.78287
124.0,125.5366
87.0,96.30215
80.0,85.65356
94.0,95.31982
220.0,210.71292
67.0,69.00255
58.0,51.820652
242.0,176.08246
151.0,174.82692
196.0,187.17438
175.0,159.02594
152.0,155.17136
131.0,153.726
72.0,68.09638
90.0,93.7621
278.0,269.7834
102.0,94.59478
116.0,112.88866
82.0,83.62471
50.0,59.40038
163.0,158.04723
183.0,172.04585
77.0,80.329636
155.0,171.1225
115.0,242.5745
120.0,146.476
86.0,90.89739
101.0,100.914894
77.0,71.17889
179.0,181.46378
169.0,157.58871
107.0,110.38123
205.0,192.72557
156.0,155.95293
161.0,148.20187
145.0,141.5083
90.0,91.61502
87.0,83.59255
172.0,166.7282
76.0,74.0177
59.0,52.148273
181.0,183.90884
115.0,136.23969
180.0,162.5029
130.0,142.31415
201.0,199.65585
113.0,108.660484
235.0,209.77373
72.0,78.942024
274.0,251.56992
54.0,51.334873
28.0,37.890812
90.0,89.660286
249.0,214.57785
98.0,102.25581
74.0,89.65821
162.0,227.36768
71.0,67.49557
49.0,36.462994
39.0,43.414898
54.0,52.983746
95.0,90.61213
180.0,187.07434
129.0,135.69221
179.0,176.31595
67.0,70.11533
239.0,251.05075
110.0,82.42862
165.0,174.36601
282.0,282.95175
77.0,92.73937
61.0,58.595592
177.0,218.88193
104.0,102.18528
299.0,122.58938
242.0,199.71637
63.0,62.997723
67.0,75.64059
78.0,86.71185
93.0,96.62027
158.0,138.4823
232.0,161.79248
180.0,181.0286
125.0,130.39047
249.0,236.80754
95.0,109.24229
33.0,45.32963
26.0,47.98698
90.0,90.021576
50.0,66.001976
191.0,172.09769
195.0,157.48659
245.0,220.57593
42.0,118.16338
50.0,98.47087
74.0,76.40017
102.0,94.38224
189.0,187.63179
74.0,84.77862
191.0,170.26988
193.0,170.90948
122.0,104.59275
274.0,207.75449
72.0,64.481865
107.0,113.70785
88.0,91.27184
58.0,63.1842
159.0,202.4996
264.0,192.18231
99.0,120.46543
153.0,160.1237
87.0,85.2015
60.0,50.15707
179.0,179.5299
62.0,58.94601
173.0,160.95526
274.0,271.76312
163.0,177.59901
193.0,166.9837
85.0,103.48374
73.0,77.493095
190.0,236.59145
186.0,192.8565
179.0,160.54074
156.0,149.4172
94.0,99.937515
76.0,110.68722
126.0,113.24201
186.0,123.83536
195.0,185.79916
268.0,225.10596
168.0,162.79256
218.0,202.26315
69.0,108.02921
168.0,165.22884
118.0,108.71595
240.0,209.72966
180.0,147.33301
155.0,159.4924
155.0,142.95462
95.0,96.85373
231.0,160.98758
90.0,101.854546
169.0,180.24077
185.0,181.31187
156.0,149.15253
108.0,128.35414
37.0,57.890224
167.0,157.39124
153.0,149.6058
78.0,77.99435
80.0,76.13538
52.0,48.14828
68.0,73.467125
213.0,192.80685
104.0,101.461205
160.0,157.12796
216.0,177.02203
129.0,131.71445
124.0,124.76662
126.0,135.4743
173.0,168.02466
130.0,128.4486
80.0,74.57487
86.0,102.62397
196.0,195.75598
81.0,86.4941
214.0,209.77292
148.0,202.01944
279.0,261.0837
90.0,102.92887
74.0,78.90923
190.0,199.59372
76.0,82.01067
208.0,181.45044
56.0,60.750454
276.0,219.09233
128.0,130.04306
59.0,49.40087
56.0,80.35485
74.0,85.413765
167.0,144.48077
235.0,197.64893
221.0,197.55148
179.0,186.48451
285.0,286.08997
198.0,191.24411
126.0,145.14381
101.0,89.7839
73.0,68.636086
104.0,108.67777
121.0,130.83778
173.0,149.65138
87.0,83.157684
52.0,64.24366
266.0,138.53589
171.0,177.75095
82.0,86.20006
42.0,51.291565
50.0,44.78954
89.0,87.00274
64.0,62.922626
58.0,60.34699
266.0,206.16101
87.0,126.57358
117.0,135.61337
156.0,156.19139
74.0,80.70661
111.0,119.22547
59.0,55.725155
155.0,147.85947
90.0,96.7247
148.0,162.3936
196.0,205.94266
237.0,223.13622
207.0,219.08363
175.0,167.2286
170.0,171.60309
108.0,102.69106
89.0,99.23571
145.0,134.38481
80.0,73.936066
82.0,84.53203
232.0,144.26404
72.0,69.87479
40.0,46.29096
152.0,166.97922
84.0,104.517654
164.0,147.63364
89.0,90.08956
175.0,171.38089
107.0,123.85438
74.0,87.19152
244.0,189.01112
131.0,142.26689
421.0,358.89633
175.0,138.45308
237.0,240.19405
102.0,108.82957
69.0,69.22858
79.0,83.49311
235.0,222.32504
256.0,226.80305
78.0,73.36759
97.0,96.57978
62.0,68.83178
70.0,69.98982
158.0,152.09625
82.0,78.99668
88.0,100.054054
100.0,109.64758
76.0,92.91848
56.0,60.952423
107.0,106.919395
139.0,121.34835
63.0,64.26176
85.0,78.5631
59.0,55.83901
65.0,69.137924
52.0,44.142414
167.0,177.91695
85.0,90.99648
74.0,59.94146
44.0,52.246677
106.0,114.61705
222.0,214.15576
161.0,207.16696
67.0,67.448044
54.0,61.765537
231.0,226.64772
112.0,174.71983
235.0,237.37036
101.0,94.53199
189.0,185.01552
156.0,145.74542
71.0,76.014534
61.0,78.63975
144.0,134.46745
105.0,102.41558
76.0,74.68455
79.0,86.43242
56.0,58.21516
62.0,52.4035
165.0,166.97467
217.0,216.6406
244.0,222.72778
37.0,49.299397
104.0,96.610374
92.0,92.10791
157.0,181.9595
156.0,150.6648
130.0,112.12278
122.0,134.72939
176.0,189.9286
37.0,44.487247
78.0,130.20592
182.0,180.18701
185.0,222.83406
56.0,91.28221
63.0,64.10076
165.0,156.04214
155.0,151.5574
163.0,162.71231
215.0,226.32309
191.0,180.42673
68.0,61.175323
161.0,155.8663
104.0,97.71361
138.0,125.5167
59.0,58.923306
150.0,153.94868
72.0,89.16613
92.0,92.50208
101.0,96.14616
85.0,78.3197
156.0,179.2462
152.0,136.23325
93.0,102.13929
181.0,212.03732
51.0,56.45442
118.0,124.44786
40.0,42.1348
180.0,176.86293
175.0,168.38132
133.0,143.10817
62.0,99.63351
161.0,187.11874
78.0,78.23438
253.0,221.47093
202.0,219.91846
167.0,182.46732
175.0,185.57698
212.0,228.01315
175.0,196.16669
93.0,104.21113
184.0,161.05173
139.0,142.81738
87.0,89.94199
173.0,169.28587
258.0,255.88173
159.0,143.50702
193.0,201.79478
257.0,237.99261
54.0,71.04648
140.0,136.57712
49.0,53.746326
67.0,61.234196
173.0,184.72546
50.0,48.55215
93.0,109.513145
155.0,214.7233
160.0,128.25142
62.0,67.22298
426.0,235.51933
289.0,393.7648
211.0,202.4378
54.0,60.37543
178.0,185.83942
54.0,81.884544
69.0,80.49323
41.0,46.25861
259.0,223.06952
275.0,172.68533
120.0,113.82677
118.0,120.439354
100.0,109.33379
148.0,136.2501
88.0,108.629745
185.0,171.63617
72.0,158.52599
93.0,92.33271
40.0,41.4576
148.0,156.52705
93.0,87.35894
104.0,100.43163
100.0,99.998695
85.0,139.31136
56.0,55.99793
262.0,185.0219
24.0,28.16967
129.0,121.90247
66.0,62.14548
64.0,73.7114
187.0,206.05893
93.0,101.36684
44.0,46.5302
91.0,91.81499
77.0,86.148506
54.0,49.015396
130.0,127.53675
99.0,131.13768
25.0,55.92877
63.0,76.75558
93.0,95.20747
63.0,54.389862
197.0,184.9006
69.0,60.544613
249.0,205.73007
78.0,60.393345
59.0,57.100437
49.0,49.120087
266.0,231.58372
131.0,131.39265
72.0,60.40208
169.0,159.22626
123.0,113.44491
148.0,145.22887
45.0,42.07102
67.0,63.048004
94.0,94.42646
185.0,190.55215
138.0,139.09625
74.0,82.76316
237.0,199.19241
225.0,205.02545
56.0,54.582066
91.0,90.888725
247.0,227.95691
205.0,200.8321
93.0,105.32802
54.0,56.203102
123.0,180.43384
67.0,61.44562
176.0,154.08435
72.0,80.98083
90.0,96.156525
62.0,59.29362
52.0,55.46837
236.0,232.71527
91.0,77.478325
500.0,541.4527
75.0,65.89867
179.0,169.36
108.0,118.88215
221.0,178.8107
212.0,228.88715
115.0,102.17675
149.0,142.65065
173.0,157.8858
87.0,89.76087
42.0,51.09545
128.0,121.741035
98.0,103.61234
169.0,159.733
80.0,82.22196
66.0,59.894493
235.0,221.1092
178.0,183.58167
64.0,67.57992
190.0,226.72575
91.0,107.16701
266.0,259.58585
80.0,73.60519
89.0,112.0449
200.0,160.49384
244.0,218.58235
213.0,207.30869
40.0,51.80192
184.0,173.2178
95.0,99.94524
51.0,49.36659
112.0,108.37331
63.0,60.210682
167.0,166.0125
123.0,114.952705
142.0,124.46789
134.0,146.14073
52.0,57.38647
163.0,155.19635
87.0,89.94767
195.0,219.95718
216.0,189.96408
145.0,139.6593
95.0,79.03013
101.0,108.94709
54.0,57.880825
138.0,134.03032
104.0,104.887505
153.0,152.66953
112.0,102.042656
290.0,262.75156
126.0,120.110466
87.0,100.941315
72.0,88.653755
97.0,98.09213
95.0,100.77601
88.0,97.644554
205.0,196.05182
72.0,76.08033
134.0,147.1389
41.0,49.388233
172.0,199.64276
86.0,86.65362
103.0,97.38354
108.0,118.5463
141.0,147.80127
181.0,166.24326
82.0,107.09086
77.0,79.76452
129.0,134.758
64.0,60.447147
87.0,97.749245
134.0,140.47238
189.0,237.94855
157.0,160.01883
236.0,231.20673
103.0,107.53095
145.0,141.37311
86.0,93.28946
104.0,89.88836
74.0,88.76399
67.0,76.71479
42.0,48.81794
101.0,101.27485
148.0,171.35721
168.0,158.90306
80.0,68.19636
185.0,182.40378
76.0,86.50295
82.0,83.968285
50.0,62.285583
110.0,109.48705
201.0,174.38708
54.0,64.49453
99.0,99.06406
72.0,75.684654
137.0,154.93903
39.0,45.63262
98.0,151.61649
98.0,99.450645
76.0,70.89796
82.0,70.61379
82.0,67.38407
185.0,193.36035
164.0,150.61255
91.0,86.3733
77.0,77.23733
50.0,56.51041
81.0,82.49248
85.0,82.36689
70.0,65.86028
75.0,76.40093
106.0,110.99479
47.0,58.112583
240.0,221.21976
375.0,120.54798
20.0,26.221605
134.0,114.810776
100.0,98.706894
169.0,182.073
191.0,187.32028
169.0,184.32211
89.0,83.87405
65.0,62.902935
157.0,150.82254
269.0,230.76932
87.0,88.22139
56.0,61.314384
95.0,86.45929
182.0,181.58939
107.0,113.67197
56.0,63.96513
148.0,141.22383
131.0,152.77063
98.0,104.556076
197.0,204.55144
175.0,198.57874
77.0,76.57188
83.0,75.3263
107.0,103.94299
180.0,120.9339
270.0,280.01172
72.0,81.229836
96.0,92.40261
136.0,145.02838
42.0,40.128742
163.0,153.33118
185.0,191.16072
181.0,181.76039
107.0,142.64124
63.0,65.60021
116.0,163.51318
82.0,81.92867
161.0,263.35974
211.0,206.71619
157.0,156.55276
132.0,130.08275
63.0,58.4042
148.0,150.30008
129.0,113.30503
180.0,174.7251
65.0,79.68023
54.0,51.87974
35.0,30.625465
220.0,217.26721
164.0,155.82675
224.0,222.7215
30.0,40.942295
131.0,122.368324
207.0,198.31448
112.0,112.7419
72.0,81.46429
229.0,254.6041
159.0,157.72946
85.0,178.76836
85.0,91.49478
76.0,94.164894
100.0,99.094444
205.0,191.8917
55.0,54.04285
187.0,183.27444
148.0,151.30081
106.0,104.43385
67.0,80.03168
110.0,121.4849
181.0,160.71182
212.0,202.99875
78.0,88.9163
59.0,57.74876
145.0,152.82391
24.0,27.541286
243.0,211.78253
60.0,53.53964
133.0,132.40161
156.0,212.22018
52.0,48.840187
61.0,88.08976
201.0,193.886
187.0,181.16855
155.0,152.10953
95.0,104.32655
239.0,292.43445
236.0,218.40997
242.0,230.16847
117.0,118.360176
93.0,102.2667
197.0,191.01811
215.0,206.4364
105.0,117.94885
195.0,227.42572
36.0,42.119236
270.0,182.94363
211.0,209.00017
68.0,73.59751
84.0,89.15618
49.0,38.18009
159.0,185.6388
100.0,105.546776
232.0,209.0556
123.0,130.57143
177.0,158.36456
172.0,177.40662
155.0,145.13777
208.0,194.56519
107.0,136.48611
100.0,99.13231
204.0,177.90567
110.0,107.16558
139.0,140.18289
50.0,58.913185
76.0,149.76595
186.0,176.48885
180.0,171.01424
120.0,122.773125
82.0,99.39499
113.0,109.54957
114.0,95.459694
152.0,140.65132
98.0,95.34583
209.0,201.3394
70.0,68.79445
86.0,87.06928
69.0,71.29641
72.0,100.23784
167.0,153.93149
59.0,59.38387
103.0,108.31127
262.0,252.79674
183.0,196.48622
29.0,50.192375
129.0,129.01698
80.0,68.53854
68.0,73.39063
259.0,212.07513
54.0,56.848724
186.0,174.77968
80.0,77.43496
54.0,56.271305
76.0,82.51903
104.0,93.002754
54.0,43.55556
188.0,174.59161
156.0,182.00006
180.0,167.64873
169.0,172.9684
165.0,202.61508
227.0,202.77548
90.0,81.76285
100.0,95.916626
436.0,395.73587
76.0,72.29201
64.0,60.92629
83.0,92.20461
72.0,73.93252
500.0,303.69928
139.0,137.76253
176.0,169.60333
192.0,181.72757
65.0,62.249184
114.0,111.088104
121.0,127.03218
78.0,87.09875
107.0,148.65909
500.0,572.3917
252.0,192.59566
59.0,51.400425
197.0,179.45998
131.0,128.32823
208.0,212.32184
42.0,41.353695
184.0,179.57819
77.0,53.72748
63.0,63.910927
150.0,146.57541
26.0,105.9875
166.0,144.27606
89.0,90.48525
65.0,64.62064
173.0,164.07648
345.0,272.56406
207.0,203.93011
133.0,140.51187
79.0,82.60176
177.0,168.71545
153.0,155.60094
98.0,112.06208
95.0,94.2255
182.0,173.50401
33.0,34.068695
118.0,120.898796
82.0,93.05879
100.0,105.547554
190.0,206.09607
193.0,204.15054
180.0,175.72864
163.0,201.72484
61.0,73.517845
78.0,91.4213
82.0,87.11615
181.0,163.76566
159.0,151.08623
91.0,94.97382
124.0,157.68068
72.0,92.94172
121.0,131.24747
247.0,199.91806
112.0,112.58245
56.0,61.25243
58.0,56.527477
124.0,113.82075
176.0,169.2796
55.0,45.005413
47.0,49.568226
141.0,144.99405
97.0,93.97373
219.0,207.6841
94.0,86.487526
130.0,103.69021
179.0,161.25531
160.0,148.6016
117.0,103.953026
120.0,150.57318
118.0,126.95299
254.0,251.27362
46.0,68.24212
178.0,167.3789
216.0,208.61617
500.0,561.3562
50.0,54.968014
349.0,553.5796
82.0,84.652
238.0,175.75827
112.0,106.444405
55.0,51.60553
108.0,103.542336
58.0,56.156284
102.0,103.95509
69.0,85.46241
126.0,120.492256
209.0,187.81032
180.0,171.77039
68.0,47.47795
32.0,43.0262
79.0,90.75137
92.0,88.9934
261.0,223.62497
102.0,125.60973
161.0,156.13934
97.0,97.02915
165.0,170.68411
20.0,25.365467
107.0,84.76879
191.0,228.05602
231.0,235.35313
84.0,85.256935
188.0,174.71707
234.0,221.54948
69.0,63.32603
56.0,55.44634
98.0,106.82895
63.0,64.53506
59.0,64.85601
51.0,67.751305
107.0,126.85845
188.0,174.05103
135.0,105.536674
89.0,133.63269
78.0,86.24284
107.0,110.20425
179.0,177.0509
108.0,97.086266
212.0,211.70056
66.0,65.90825
151.0,151.08917
54.0,45.757175
59.0,64.78018
152.0,139.74895
129.0,120.093925
100.0,102.045105
148.0,151.24783
74.0,75.984
258.0,251.2081
53.0,78.14428
193.0,186.3562
74.0,59.911083
130.0,118.48728
70.0,68.42324
111.0,109.87352
100.0,85.160866
48.0,69.94698
197.0,197.50922
158.0,182.61786
166.0,156.76425
164.0,146.48972
155.0,152.38287
91.0,92.85694
172.0,180.96303
174.0,180.25862
184.0,230.51093
153.0,149.2768
57.0,66.65052
74.0,74.39506
102.0,105.36105
251.0,244.83144
129.0,130.64182
130.0,129.73676
163.0,163.86136
89.0,92.046074
56.0,50.308887
152.0,148.29614
263.0,284.69604
228.0,234.71843
75.0,83.65768
95.0,104.29157
132.0,158.8038
147.0,144.6264
101.0,101.50674
150.0,149.78423
174.0,185.05267
126.0,140.77206
180.0,198.7176
52.0,47.184372
111.0,106.89721
115.0,83.06241
203.0,201.96927
159.0,155.76358
98.0,120.464195
76.0,63.782543
54.0,59.093357
102.0,79.383
54.0,51.24042
57.0,52.915108
129.0,167.49033
225.0,224.007
200.0,217.88708
159.0,152.74591
61.0,71.244804
98.0,92.27575
203.0,168.74637
110.0,100.43511
111.0,387.96234
188.0,104.077034
80.0,80.46754
79.0,80.986946
222.0,203.00882
169.0,161.13638
93.0,83.375
225.0,202.26318
326.0,320.7703
67.0,76.05599
134.0,126.44419
61.0,64.313644
129.0,128.87315
153.0,146.66827
21.0,28.863632
107.0,108.80259
149.0,145.90561
229.0,224.01988
144.0,154.05354
156.0,155.82956
176.0,157.96683
252.0,208.58932
63.0,51.620674
115.0,108.90101
185.0,210.0379
69.0,76.877815
235.0,242.17682
222.0,212.49763
243.0,247.39374
68.0,63.133316
68.0,79.2199
54.0,60.29544
72.0,72.5162
242.0,225.5542
50.0,49.97427
55.0,62.08379
262.0,197.10742
258.0,232.31
102.0,98.71583
208.0,184.18129
59.0,120.58921
59.0,73.62327
213.0,226.84746
158.0,135.79068
103.0,105.14961
182.0,175.56482
192.0,186.91019
129.0,136.6694
50.0,48.000072
227.0,231.73401
98.0,99.123665
109.0,112.49716
107.0,119.89634
93.0,95.71805
205.0,200.28662
268.0,189.66887
37.0,70.492195
171.0,173.64882
54.0,56.771557
239.0,237.83191
118.0,111.88299
103.0,101.20848
253.0,195.35768
100.0,123.24912
131.0,113.21462
121.0,126.25612
141.0,76.498055
70.0,69.932365
228.0,212.83942
46.0,45.207737
127.0,112.280945
276.0,263.7141
274.0,261.35968
100.0,111.57499
261.0,193.99315
187.0,192.90149
170.0,157.46898
59.0,54.220936
165.0,178.49536
89.0,95.394264
153.0,137.07077
226.0,194.97734
150.0,148.10342
80.0,99.56482
72.0,77.267365
50.0,54.31677
67.0,72.69403
121.0,114.3769
171.0,159.17212
174.0,181.30908
93.0,79.03576
274.0,246.70396
153.0,142.29956
150.0,150.34433
67.0,72.3901
123.0,133.99347
155.0,170.95032
250.0,220.98965
190.0,194.10255
233.0,232.13324
242.0,212.52998
186.0,188.75409
55.0,51.77335
32.0,29.803303
173.0,159.62933
50.0,74.65952
112.0,98.89358
59.0,61.023106
176.0,247.595
42.0,45.17393
242.0,217.88354
100.0,99.30941
56.0,56.89861
54.0,53.355564
221.0,191.99762
239.0,225.403
119.0,129.224
87.0,82.20562
165.0,163.8771
95.0,92.638695
212.0,229.20074
54.0,52.025192
159.0,189.51663
85.0,85.49437
70.0,79.6094
173.0,160.11957
274.0,223.42361
78.0,78.414696
208.0,102.20612
76.0,109.437035
162.0,177.06592
129.0,158.5325
136.0,139.75946
166.0,156.2197
200.0,181.2645
107.0,125.04498
192.0,195.00154
387.0,348.36935
53.0,57.213024
150.0,138.75323
200.0,146.92358
69.0,63.797497
119.0,114.29772
165.0,196.18199
82.0,62.42038
180.0,204.9436
61.0,128.52472
227.0,202.32275
195.0,221.62634
201.0,158.43831
74.0,72.023735
155.0,159.32462
72.0,77.72483
200.0,203.75229
102.0,78.025986
254.0,164.58946
49.0,43.10467
196.0,198.59888
56.0,73.46505
235.0,179.05515
100.0,97.52014
72.0,74.428314
97.0,117.33665
87.0,100.115204
167.0,154.26367
173.0,155.80919
145.0,141.16351
221.0,230.23409
171.0,180.01111
82.0,79.03164
235.0,241.41794
185.0,207.10156
157.0,149.97028
155.0,147.79538
105.0,138.07928
92.0,98.95452
66.0,49.819485
56.0,52.113045
81.0,88.10094
224.0,219.29225
59.0,62.06191
106.0,101.2172
196.0,173.93744
100.0,89.98498
219.0,158.23563
60.0,61.91036
98.0,95.44133
99.0,109.48256
292.0,271.0168
151.0,151.76112
242.0,192.06258
168.0,172.1465
179.0,196.60298
155.0,159.94794
219.0,203.51056
72.0,117.57496
59.0,56.2356
175.0,174.25761
208.0,216.82231
70.0,66.72773
145.0,129.19154
164.0,244.0986
82.0,90.619896
102.0,108.18861
112.0,145.17336
172.0,193.49655
200.0,213.46509
96.0,111.07187
164.0,170.5278
98.0,83.751
176.0,149.82733
95.0,95.70463
157.0,230.3637
182.0,180.42764
91.0,99.3482
207.0,200.35033
71.0,80.59838
196.0,216.18082
93.0,106.25349
269.0,234.47145
180.0,195.27817
70.0,83.952446
152.0,175.80032
77.0,80.07817
118.0,111.351776
59.0,77.866455
197.0,193.39626
264.0,189.96306
164.0,165.85318
76.0,67.513435
80.0,81.63317
172.0,189.84705
204.0,199.7887
72.0,61.4575
102.0,96.032166
119.0,119.10538
54.0,53.5436
95.0,97.51226
250.0,270.29584
102.0,101.00234
119.0,138.45667
103.0,119.77079
266.0,233.16489
74.0,79.55955
51.0,44.613483
195.0,214.9646
82.0,109.145164
76.0,66.24268
56.0,52.63265
82.0,93.33208
120.0,97.601494
112.0,114.2528
43.0,41.412907
169.0,238.70569
65.0,63.016796
163.0,151.66101
67.0,65.57557
65.0,77.15315
102.0,87.37066
130.0,139.44357
237.0,225.03214
177.0,190.67825
258.0,228.29488
140.0,159.67622
79.0,68.06131
98.0,91.97764
39.0,39.656437
60.0,60.732555
90.0,88.96284
100.0,129.22089
132.0,143.76318
192.0,190.438
54.0,57.39506
56.0,53.431606
73.0,69.864235
74.0,149.39946
183.0,162.79831
157.0,164.35173
257.0,231.62076
186.0,171.70294
197.0,204.24489
82.0,83.24913
140.0,116.71098
181.0,209.2814
59.0,61.375973
166.0,244.96436
100.0,104.2662
58.0,63.100483
47.0,43.654568
125.0,132.42892
65.0,64.26716
232.0,212.66003
87.0,97.243996
152.0,240.44409
116.0,105.46325
255.0,247.14919
153.0,146.55045
182.0,215.51212
200.0,181.1717
207.0,208.21082
55.0,49.501305
80.0,87.16493
59.0,59.560215
155.0,149.45253
156.0,124.759476
162.0,161.6424
68.0,65.49047
266.0,239.37158
184.0,174.36061
59.0,50.45033
64.0,55.828495
294.0,298.76254
171.0,175.18639
184.0,191.78662
114.0,127.19021
56.0,52.63839
116.0,118.87685
229.0,226.70514
104.0,149.55872
74.0,69.34214
72.0,80.81102
139.0,132.29659
242.0,198.81926
87.0,88.949425
54.0,49.753643
61.0,54.628326
81.0,82.90926
253.0,73.52173
153.0,157.15047
137.0,133.05109
64.0,67.03214
181.0,188.97165
229.0,219.51349
120.0,125.984474
61.0,68.938805
107.0,105.43539
91.0,91.21395
75.0,76.36773
152.0,134.26099
76.0,106.10626
401.0,396.5415
145.0,138.28876
179.0,146.5805
129.0,122.433754
208.0,177.14859
87.0,90.12583
165.0,159.22345
74.0,78.96403
207.0,189.68527
95.0,101.10282
204.0,199.59079
227.0,219.47314
241.0,211.45422
106.0,105.21044
221.0,176.7543
264.0,179.0896
78.0,72.28181
62.0,49.393158
58.0,54.810135
315.0,318.69528
53.0,53.99213
128.0,138.62476
44.0,51.28391
165.0,157.51608
111.0,103.715416
72.0,77.70201
152.0,157.32974
64.0,57.976875
80.0,81.04466
161.0,155.37897
161.0,158.81573
67.0,67.43647
224.0,194.91142
216.0,201.19513
81.0,86.43394
181.0,180.3845
108.0,80.20403
160.0,145.70297
142.0,136.46347
106.0,106.06824
109.0,106.10436
237.0,223.36406
165.0,155.40378
121.0,126.23121
222.0,208.62462
118.0,102.17966
72.0,75.04318
100.0,95.529854
69.0,69.67097
121.0,134.89668
85.0,98.158966
225.0,226.20883
93.0,104.59359
184.0,180.84811
123.0,121.2511
176.0,155.4878
60.0,60.711575
67.0,67.32555
65.0,56.676685
87.0,86.81988
51.0,55.040882
72.0,62.03108
116.0,110.533806
75.0,70.45367
145.0,146.19255
192.0,174.57349
50.0,51.4047
69.0,66.07238
155.0,141.1148
190.0,175.13126
104.0,106.3696
238.0,228.41394
217.0,190.10062
207.0,184.28629
73.0,72.16952
119.0,107.178444
44.0,45.067677
171.0,161.64798
138.0,132.76935
87.0,94.346825
89.0,95.809235
98.0,99.02206
63.0,54.565525
47.0,51.371544
87.0,85.438835
191.0,192.755
121.0,118.55856
28.0,33.62592
137.0,147.6511
61.0,70.59134
29.0,37.94003
249.0,316.24884
78.0,71.3149
199.0,177.73592
185.0,196.26178
151.0,155.88637
204.0,180.42975
179.0,179.92714
95.0,103.986824
150.0,136.97739
134.0,151.18623
191.0,197.3453
115.0,103.7233
158.0,183.29468
133.0,118.68311
163.0,156.28331
84.0,93.94424
100.0,99.7723
123.0,87.991035
78.0,78.96679
80.0,70.035675
43.0,43.500164
192.0,192.48265
54.0,73.77896
169.0,221.65277
78.0,69.5938
116.0,112.17947
198.0,193.86708
95.0,96.4277
153.0,167.07137
126.0,134.36087
171.0,156.8097
129.0,128.67374
93.0,94.56242
80.0,86.91239
180.0,161.54077
74.0,65.62088
153.0,152.48543
92.0,82.17588
69.0,63.039368
179.0,171.87976
50.0,59.76146
59.0,66.84107
274.0,200.74922
130.0,133.99974
64.0,60.66688
302.0,261.39548
185.0,162.39499
207.0,195.02484
117.0,110.42199
104.0,85.00332
121.0,135.44014
150.0,151.62517
251.0,222.77132
63.0,69.15197
52.0,75.92564
98.0,101.29716
87.0,78.1278
274.0,224.07463
97.0,92.00998
129.0,149.33635
28.0,31.094353
96.0,99.01939
196.0,181.92844
72.0,79.242676
195.0,197.89749
91.0,82.32699
108.0,113.238014
104.0,89.64054
207.0,220.37082
82.0,91.40324
171.0,157.52551
67.0,69.913445
82.0,86.65371
98.0,95.62679
54.0,57.13274
64.0,82.3773
152.0,151.69055
153.0,150.12921
178.0,171.23552
205.0,182.7781
172.0,181.57396
65.0,59.335087
123.0,117.51106
215.0,197.40808
122.0,116.10961
89.0,88.623566
166.0,192.92374
192.0,179.57239
68.0,69.24696
133.0,132.17761
123.0,103.41921
227.0,406.38727
117.0,133.0507
72.0,98.720406
92.0,89.754555
103.0,106.0779
80.0,80.64283
67.0,70.09118
142.0,130.1423
169.0,160.33961
166.0,172.064
56.0,62.023605
161.0,162.33003
116.0,122.77577
116.0,120.52546
118.0,146.13649
223.0,217.91095
192.0,206.46951
164.0,163.10959
148.0,140.30121
54.0,64.33453
142.0,141.76416
59.0,55.085888
140.0,131.45966
88.0,89.85017
49.0,50.589024
65.0,59.895897
76.0,94.759544
165.0,151.44719
148.0,143.92044
85.0,81.38611
164.0,135.801
147.0,143.2583
181.0,170.42976
67.0,67.77396
65.0,75.06759
104.0,102.68231
63.0,63.064873
85.0,84.46239
63.0,71.50199
261.0,197.12227
99.0,141.15062
154.0,118.41032
161.0,155.30724
203.0,206.7807
189.0,168.8418
87.0,108.68749
71.0,78.2988
91.0,83.1978
208.0,175.02937
246.0,229.74118
90.0,91.49764
102.0,111.044846
157.0,157.28174
160.0,152.93149
189.0,243.6145
51.0,58.80738
92.0,92.076294
168.0,188.39836
74.0,68.49236
200.0,194.38899
153.0,142.7291
254.0,183.63802
49.0,49.59437
57.0,74.4368
200.0,179.16177
65.0,65.92673
51.0,55.65679
169.0,168.7091
87.0,84.71206
142.0,130.53906
249.0,232.92477
121.0,116.01934
209.0,187.07513
139.0,154.57886
263.0,208.22552
87.0,177.6235
239.0,229.50269
100.0,103.81379
248.0,245.95557
81.0,107.80831
131.0,198.47562
61.0,62.219707
92.0,81.44703
259.0,196.43735
149.0,150.08249
105.0,109.89424
100.0,105.46353
141.0,142.87723
78.0,77.70422
166.0,160.02147
116.0,104.0918
168.0,177.07811
290.0,282.5086
180.0,188.362
76.0,102.15981
95.0,113.59712
73.0,73.436386
65.0,67.0782
270.0,240.00484
49.0,65.73684
150.0,140.36328
219.0,198.91081
67.0,97.62635
173.0,218.82031
85.0,102.093575
153.0,158.39938
89.0,96.25785
130.0,128.3508
87.0,78.996025
53.0,45.439087
61.0,83.97724
165.0,182.33456
51.0,57.768238
113.0,116.06011
50.0,62.71223
94.0,88.31787
168.0,168.43483
37.0,29.918097
216.0,211.45172
169.0,168.64249
95.0,93.6665
89.0,97.120735
96.0,98.1439
54.0,59.60429
219.0,199.54332
204.0,202.29742
42.0,42.64407
131.0,137.44139
55.0,53.652843
59.0,56.83958
99.0,105.41703
245.0,228.85806
67.0,56.60751
104.0,98.89071
134.0,137.84436
220.0,215.43097
131.0,124.70458
225.0,217.7894
108.0,106.10311
273.0,93.28102
62.0,58.04334
59.0,63.53924
113.0,124.34849
269.0,141.47736
93.0,98.503456
145.0,147.45152
95.0,84.249176
166.0,163.11787
50.0,60.30063
121.0,112.84215
237.0,214.85718
152.0,149.67888
151.0,176.09668
143.0,135.99258
215.0,219.73308
98.0,110.630196
61.0,52.692936
248.0,205.83185
121.0,109.78573
166.0,157.62314
118.0,127.64038
129.0,195.40018
85.0,85.40494
54.0,54.66272
56.0,58.58669
177.0,199.90613
106.0,103.585106
59.0,64.14421
203.0,224.5109
120.0,112.2346
219.0,240.96982
114.0,120.93227
137.0,147.1199
193.0,241.0452
500.0,538.7162
61.0,76.362724
127.0,134.68341
125.0,123.90191
65.0,90.76505
62.0,56.47548
58.0,59.91158
87.0,79.723305
159.0,195.10822
82.0,81.61799
118.0,134.39044
95.0,89.46659
135.0,132.4924
176.0,184.58939
129.0,123.51372
93.0,133.49745
86.0,90.687
172.0,145.41696
319.0,423.95435
64.0,77.72375
121.0,132.77452
88.0,79.097374
181.0,187.20937
172.0,156.07043
152.0,190.00891
500.0,556.12317
96.0,81.648
61.0,64.34024
195.0,204.00781
157.0,130.3342
90.0,96.55445
103.0,106.91196
129.0,129.6652
112.0,129.09566
112.0,137.78436
127.0,126.65679
39.0,49.980026
40.0,45.942493
200.0,207.84793
85.0,98.26313
154.0,142.15929
211.0,183.6253
273.0,209.40482
156.0,152.83331
59.0,58.719025
192.0,175.4098
102.0,105.76389
290.0,276.24097
241.0,221.1472
110.0,110.62978
42.0,47.23097
67.0,48.831684
98.0,113.85119
439.0,431.81622
58.0,71.66101
157.0,170.95105
64.0,61.378685
121.0,113.2393
54.0,68.23615
249.0,253.6174
163.0,158.2741
104.0,108.636856
184.0,192.09615
104.0,103.8822
92.0,100.896225
183.0,188.18097
191.0,203.28568
52.0,48.730724
212.0,205.26208
93.0,121.13558
168.0,180.17621
79.0,70.87147
130.0,136.3599
189.0,192.89838
258.0,251.97601
93.0,109.54653
47.0,56.662376
126.0,163.37303
121.0,95.2406
205.0,158.05118
85.0,71.5725
112.0,77.44024
152.0,159.36765
165.0,137.78232
84.0,84.42341
175.0,161.38684
89.0,87.319885
283.0,297.91827
100.0,81.031746
189.0,200.81519
159.0,161.22293
87.0,89.634575
216.0,214.86229
35.0,89.53967
60.0,63.709583
179.0,564.4212
181.0,166.7606
98.0,90.89669
112.0,118.570114
180.0,164.4319
187.0,175.2248
110.0,107.979774
145.0,145.84935
82.0,83.44646
72.0,61.716
221.0,198.98032
285.0,262.83563
208.0,199.43106
156.0,143.90958
89.0,111.48137
72.0,87.18271
500.0,444.75635
69.0,83.84257
164.0,158.21231
189.0,148.48155
165.0,160.5379
152.0,152.21857
73.0,78.682915
155.0,110.519745
219.0,205.14612
67.0,66.65093
157.0,150.23285
197.0,177.63316
109.0,106.06655
95.0,93.375244
194.0,194.96579
162.0,177.02539
98.0,93.94038
274.0,224.12292
163.0,171.12079
83.0,83.907265
164.0,167.79254
60.0,59.232
105.0,107.564125
303.0,223.09482
90.0,89.48785
115.0,136.57458
165.0,156.76007
43.0,49.166103
106.0,105.75306
120.0,129.73874
74.0,88.246414
192.0,209.53021
59.0,56.828304
189.0,162.09485
59.0,54.95986
126.0,136.1309
63.0,95.976585
264.0,254.63367
184.0,190.75972
139.0,125.52893
208.0,212.60822
151.0,169.04312
74.0,71.88892
100.0,94.567024
116.0,60.31709
106.0,108.92011
87.0,89.62209
143.0,146.29773
184.0,141.07771
148.0,126.134254
104.0,106.05053
67.0,71.3059
156.0,145.43736
121.0,130.58617
158.0,154.9931
138.0,140.20108
54.0,57.727314
137.0,155.55902
91.0,94.15736
85.0,82.28534
208.0,192.6299
120.0,122.21834
109.0,112.58281
169.0,173.89629
93.0,86.94842
207.0,196.29309
120.0,133.4095
74.0,76.78869
171.0,143.26624
139.0,140.13077
444.0,387.49545
211.0,199.6175
162.0,156.98438
166.0,154.4689
72.0,82.93325
112.0,117.101494
272.0,273.71637
94.0,91.53248
136.0,132.39008
69.0,68.42132
167.0,153.31567
150.0,144.0179
211.0,225.84753
217.0,209.17163
98.0,84.83298
62.0,60.039516
104.0,95.63267
154.0,244.51874
42.0,44.888218
161.0,205.99893
152.0,148.31534
67.0,73.19549
119.0,95.35861
172.0,156.95569
280.0,250.80907
74.0,77.0081
295.0,301.73907
180.0,180.03557
152.0,283.49564
120.0,111.643486
152.0,148.91791
211.0,204.47986
91.0,92.83041
203.0,204.94843
104.0,104.07155
250.0,243.16586
181.0,171.91992
166.0,150.67545
87.0,97.73017
141.0,125.96447
179.0,164.18018
168.0,147.61128
83.0,74.5041
148.0,133.76462
63.0,65.761086
168.0,173.39783
183.0,177.2974
141.0,132.8391
151.0,151.36069
68.0,78.83833
240.0,223.67801
142.0,137.17313
253.0,262.90527
85.0,72.466354
162.0,161.48746
200.0,186.74973
121.0,128.9864
197.0,203.15501
179.0,177.56532
63.0,75.74041
67.0,59.184254
108.0,109.8713
211.0,188.18573
234.0,195.1384
82.0,65.781166
60.0,51.144722
172.0,179.78967
103.0,113.705795
115.0,104.18789
112.0,115.290054
229.0,209.7365
157.0,162.79366
146.0,144.91818
110.0,113.39793
62.0,57.93399
180.0,165.15953
52.0,62.33772
187.0,182.41943
89.0,87.536575
95.0,103.74387
29.0,38.957977
158.0,147.31625
220.0,180.73825
81.0,68.00588
77.0,86.46748
180.0,196.95032
53.0,47.848743
267.0,147.89833
231.0,235.71452
106.0,103.42413
89.0,87.45034
153.0,150.57382
80.0,83.88151
85.0,87.139824
100.0,105.560776
63.0,59.20673
160.0,157.30695
123.0,111.09144
70.0,69.746445
79.0,85.04246
44.0,42.580242
107.0,111.35251
82.0,85.86332
261.0,258.8504
152.0,145.67604
101.0,95.29597
110.0,108.76849
112.0,146.7214
221.0,186.30164
169.0,156.24103
142.0,140.45145
71.0,76.13263
90.0,82.522354
29.0,26.02715
107.0,108.31205
89.0,88.83727
93.0,94.044044
107.0,91.17541
179.0,179.00655
193.0,239.68417
96.0,126.29252
203.0,200.6586
33.0,30.61914
500.0,239.91049
153.0,154.00732
108.0,109.465706
50.0,51.87351
183.0,191.84375
64.0,71.08845
139.0,133.53824
111.0,98.570076
178.0,161.50974
232.0,195.68773
129.0,151.12422
54.0,54.169384
201.0,189.47604
196.0,208.52242
215.0,199.53947
110.0,155.84932
211.0,199.62935
221.0,206.20871
199.0,206.24884
77.0,62.730667
398.0,383.56763
102.0,108.90876
120.0,105.7248
195.0,209.422
82.0,72.036
80.0,82.96581
161.0,158.3581
100.0,92.95649
114.0,114.12733
153.0,148.2315
154.0,189.52106
178.0,157.99426
123.0,120.55875
93.0,95.93768
189.0,178.111
188.0,158.3601
286.0,160.18161
96.0,95.45933
59.0,78.89866
82.0,106.46394
93.0,143.52637
60.0,77.93081
224.0,222.07599
130.0,131.52559
191.0,196.12082
139.0,133.12979
64.0,67.5165
33.0,48.912163
170.0,211.90897
123.0,111.76342
200.0,193.83609
44.0,48.29224
63.0,56.776382
90.0,98.00902
65.0,64.52439
188.0,195.23471
72.0,76.80277
111.0,130.49612
168.0,141.7775
177.0,172.49753
110.0,115.48394
215.0,181.76414
130.0,127.13735
137.0,141.1872
235.0,185.91711
154.0,154.3602
193.0,297.92935
79.0,80.864
169.0,221.40082
109.0,116.26334
118.0,121.21341
118.0,131.0057
171.0,152.05627
152.0,134.38002
168.0,160.65118
123.0,136.61716
194.0,183.16501
61.0,65.84426
174.0,179.23851
79.0,87.64439
138.0,130.12308
193.0,207.72302
87.0,93.060776
106.0,102.296425
195.0,172.04895
129.0,141.71576
68.0,79.23185
103.0,125.727974
93.0,83.27871
282.0,279.32642
107.0,119.064156
135.0,127.174675
88.0,82.86476
64.0,61.18613
52.0,48.333584
500.0,252.057
139.0,131.63068
81.0,108.21565
102.0,98.519196
153.0,143.75877
179.0,164.59625
144.0,162.00893
148.0,148.0392
185.0,230.73285
207.0,207.30157
90.0,92.660866
82.0,96.661674
270.0,279.85602
104.0,126.45385
165.0,128.97243
84.0,84.23397
89.0,131.95772
290.0,244.4339
166.0,162.26892
67.0,77.461044
121.0,147.09918
173.0,58.689564
56.0,48.926197
247.0,218.44882
82.0,84.62764
406.0,447.41418
78.0,83.626976
222.0,201.38222
106.0,108.85319
174.0,172.681
146.0,154.25414
155.0,155.67139
42.0,43.214775
142.0,141.89067
152.0,248.19455
54.0,58.815395
110.0,102.63725
112.0,88.33528
62.0,60.909756
103.0,105.21615
83.0,141.06561
208.0,202.66104
215.0,172.09366
188.0,184.4169
116.0,122.20507
114.0,108.80714
151.0,159.59854
168.0,170.23936
152.0,141.32823
145.0,149.71219
248.0,238.86397
175.0,133.7812
84.0,71.93288
244.0,231.73224
201.0,206.43646
235.0,176.20273
104.0,97.12124
112.0,113.428314
182.0,166.88635
67.0,66.34409
155.0,125.96812
131.0,138.8432
151.0,162.86496
100.0,83.66755
188.0,177.04195
69.0,78.759674
80.0,78.54456
67.0,74.681915
100.0,94.48765
181.0,174.30612
74.0,77.60132
110.0,120.687935
184.0,194.34744
155.0,225.00836
308.0,330.82892
214.0,190.72375
109.0,115.87719
102.0,95.477135
103.0,111.29866
50.0,51.67742
132.0,123.03082
163.0,165.51767
132.0,123.319496
80.0,79.795746
59.0,59.642002
43.0,46.069565
137.0,134.39351
153.0,124.47802
196.0,181.1998
66.0,64.35112
105.0,94.5472
50.0,59.19163
76.0,76.933846
137.0,154.99591
249.0,244.71277
52.0,56.064957
103.0,98.26935
50.0,49.95043
81.0,74.54287
77.0,82.38846
109.0,108.37296
201.0,196.83778
107.0,101.54992
253.0,249.0414
226.0,211.6621
102.0,162.12302
67.0,74.423836
59.0,73.40725
134.0,172.78294
235.0,217.66193
200.0,205.01178
130.0,150.60867
128.0,141.13348
190.0,193.20052
184.0,182.42941
227.0,200.86343
221.0,189.97314
56.0,53.955605
62.0,80.937645
95.0,94.739586
93.0,84.59437
256.0,228.37013
227.0,232.62106
200.0,183.47185
150.0,157.05568
170.0,192.05812
185.0,209.50583
184.0,227.18097
150.0,138.58414
99.0,98.812645
50.0,50.28419
268.0,260.06012
235.0,194.46112
87.0,59.487415
89.0,93.9392
157.0,155.1848
207.0,191.71432
165.0,178.4123
213.0,233.97487
58.0,54.05058
107.0,104.12978
160.0,194.9585
174.0,177.22882
77.0,102.74068
168.0,174.44571
152.0,155.23752
112.0,110.138756
246.0,218.3039
53.0,56.325626
155.0,150.5458
224.0,223.59622
142.0,127.89501
80.0,91.02014
138.0,129.8305
215.0,205.05916
124.0,140.79971
163.0,184.82578
212.0,206.12111
208.0,195.67407
266.0,243.0271
110.0,117.57653
176.0,189.81442
224.0,206.35701
121.0,114.325645
67.0,65.6673
98.0,106.52565
107.0,134.89311
215.0,198.71225
215.0,250.80952
69.0,82.08664
104.0,98.19239
220.0,235.95798
151.0,166.05402
153.0,153.2988
160.0,158.73615
181.0,127.083176
95.0,90.470474
173.0,165.32526
219.0,216.36261
447.0,443.13257
170.0,164.91254
74.0,78.218544
88.0,88.2707
89.0,76.590904
175.0,97.58965
64.0,59.252094
80.0,91.69649
74.0,82.75758
264.0,272.90536
196.0,195.7138
89.0,97.60314
89.0,142.64864
42.0,46.563248
203.0,196.02704
37.0,51.731937
68.0,69.08268
500.0,524.07166
72.0,75.8194
76.0,73.88907
187.0,195.56613
70.0,80.59647
54.0,55.242405
208.0,215.18503
133.0,111.64976
159.0,450.49945
156.0,146.0646
78.0,81.3759
113.0,109.44482
142.0,150.84752
109.0,116.5098
56.0,56.764835
198.0,161.91077
115.0,119.2203
197.0,188.18915
156.0,142.18832
54.0,83.4341
82.0,72.6597
121.0,119.35777
42.0,44.281948
154.0,201.60884
90.0,96.04789
87.0,90.294044
98.0,96.77825
151.0,141.98764
76.0,87.09231
265.0,264.11902
105.0,108.12896
214.0,198.99867
65.0,74.06498
181.0,174.91682
139.0,150.64607
76.0,76.40672
110.0,110.203445
148.0,140.38623
152.0,140.44067
161.0,147.68459
197.0,154.12296
147.0,140.5303
160.0,159.95303
143.0,132.63031
56.0,52.492306
126.0,118.506165
258.0,167.37108
153.0,216.38818
103.0,124.02529
141.0,137.49593
175.0,171.35707
67.0,68.83524
196.0,189.68997
115.0,116.95179
67.0,70.73582
67.0,73.90896
75.0,79.80898
118.0,112.90852
173.0,160.37248
52.0,54.6057
107.0,101.5976
59.0,53.465782
121.0,115.52651
56.0,55.705273
258.0,196.21014
169.0,156.08012
64.0,64.05065
126.0,120.27009
125.0,101.49106
72.0,85.219124
148.0,134.73856
74.0,81.454475
54.0,60.12471
173.0,185.04848
80.0,82.3484
169.0,180.8254
55.0,63.711655
63.0,70.72587
97.0,109.720985
227.0,195.57613
36.0,44.247463
177.0,162.44623
222.0,211.8684
85.0,95.34179
500.0,455.3629
96.0,98.35512
158.0,74.46616
98.0,107.5586
85.0,74.175064
115.0,121.412796
127.0,127.43249
195.0,164.76894
185.0,196.07083
155.0,170.40332
47.0,69.24157
152.0,141.99805
98.0,96.82401
75.0,65.376495
78.0,85.35608
80.0,77.28211
266.0,181.86961
277.0,254.917
184.0,176.94035
270.0,182.84698
157.0,113.79266
148.0,149.6749
207.0,186.70032
103.0,102.26801
72.0,86.466805
68.0,77.95693
148.0,150.18448
158.0,157.81522
64.0,57.834023
46.0,54.643482
85.0,98.30799
115.0,107.53524
155.0,89.21816
223.0,224.1679
114.0,104.63049
237.0,236.05807
205.0,202.59117
179.0,189.05832
153.0,142.41528
28.0,39.421444
92.0,83.013145
216.0,223.14755
98.0,97.1058
170.0,154.0596
61.0,54.268566
73.0,75.76006
124.0,129.7141
123.0,121.315575
172.0,158.07956
265.0,156.98459
200.0,205.5614
188.0,193.92773
171.0,190.19658
50.0,55.925625
74.0,90.029976
152.0,195.30426
139.0,149.32153
85.0,106.00349
102.0,99.048454
83.0,81.60293
165.0,166.36537
273.0,231.14919
59.0,50.218285
151.0,154.07877
48.0,49.89095
152.0,146.15512
39.0,46.99797
173.0,170.04816
131.0,138.9197
172.0,185.0253
93.0,92.18072
247.0,226.31772
262.0,247.40439
129.0,147.22559
135.0,141.64972
163.0,164.13997
161.0,164.25272
123.0,124.71104
65.0,63.530407
152.0,148.11746
95.0,105.00037
261.0,183.79446
155.0,172.42722
270.0,246.43788
56.0,56.003437
270.0,173.9736
176.0,150.91379
155.0,208.84048
137.0,159.27557
255.0,249.11671
156.0,188.22864
85.0,88.364265
176.0,158.51595
96.0,97.50772
37.0,44.243744
109.0,107.83303
103.0,107.27291
223.0,232.82425
131.0,122.65598
123.0,135.45612
216.0,212.068
191.0,183.7826
37.0,45.33669
71.0,71.54775
264.0,260.45526
54.0,51.546112
159.0,195.1194
92.0,92.57323
129.0,120.167755
77.0,78.22289
176.0,180.82736
161.0,204.48224
282.0,293.53915
59.0,93.30326
219.0,223.03107
153.0,189.01447
103.0,121.431206
166.0,181.05365
46.0,46.09389
244.0,229.25848
150.0,65.605865
87.0,95.197205
150.0,139.50294
172.0,154.83987
100.0,105.767746
94.0,97.83984
201.0,180.956
37.0,50.36072
61.0,60.478165
85.0,84.10023
134.0,124.62263
56.0,57.439117
115.0,103.058235
220.0,200.65665
80.0,83.800606
74.0,59.40392
78.0,93.0617
180.0,153.96808
42.0,47.025593
114.0,105.06086
67.0,65.675224
91.0,95.63726
205.0,194.95694
116.0,119.175095
51.0,61.77548
214.0,221.65817
33.0,61.285942
93.0,101.004265
102.0,87.78998
90.0,110.41994
112.0,149.38419
198.0,177.59827
37.0,46.23701
207.0,213.1036
82.0,112.539185
78.0,71.716545
129.0,140.20166
259.0,253.69492
160.0,166.09064
87.0,96.2461
117.0,123.16522
180.0,170.46432
83.0,76.63571
85.0,97.14887
62.0,69.13655
148.0,143.19363
150.0,218.86102
304.0,217.54222
161.0,203.19174
159.0,141.41162
77.0,90.38222
96.0,97.54095
76.0,75.48084
126.0,124.71145
478.0,334.0654
67.0,80.28256
91.0,97.67885
163.0,179.2529
40.0,45.07591
157.0,174.86098
208.0,213.19429
167.0,172.75513
114.0,116.22612
181.0,147.43825
220.0,217.34526
89.0,80.36748
137.0,128.99023
134.0,134.93558
60.0,63.20345
160.0,159.2439
87.0,100.12586
69.0,64.73765
56.0,64.904594
139.0,150.83978
65.0,87.83248
181.0,142.62424
139.0,138.37387
178.0,191.42842
250.0,243.07297
155.0,192.6301
261.0,288.20465
173.0,194.273
181.0,205.30034
145.0,129.48856
104.0,112.70871
128.0,130.15205
115.0,121.423195
99.0,123.36356
157.0,137.55959
50.0,69.22863
126.0,82.71047
186.0,195.51053
54.0,54.100216
144.0,130.71272
168.0,189.93053
87.0,86.41555
63.0,55.85952
153.0,135.75874
186.0,186.47769
230.0,167.7219
67.0,68.864494
100.0,93.10647
146.0,140.41261
60.0,74.88058
84.0,84.90336
54.0,50.308872
68.0,93.958244
189.0,151.8197
168.0,180.83661
84.0,86.58378
123.0,117.04228
59.0,53.088985
261.0,197.92581
89.0,89.13288
153.0,147.7691
100.0,95.7172
93.0,98.94215
220.0,215.8284
148.0,192.21605
83.0,87.25273
53.0,55.593266
111.0,106.42913
89.0,84.57426
92.0,79.2793
214.0,212.27792
137.0,130.55199
107.0,110.3124
162.0,156.26979
95.0,96.14581
120.0,122.726135
115.0,123.71505
153.0,152.05313
78.0,85.67252
116.0,109.67937
44.0,45.640274
171.0,189.01804
44.0,41.03188
105.0,90.78805
50.0,44.332928
180.0,183.02876
65.0,73.460396
118.0,125.49757
69.0,74.92991
265.0,278.7535
178.0,183.74164
123.0,125.92185
156.0,138.8884
104.0,101.441635
177.0,108.32087
141.0,76.47869
100.0,105.711426
227.0,210.97836
100.0,103.77305
175.0,176.70508
83.0,107.610405
192.0,179.99681
180.0,157.96713
224.0,198.71031
143.0,151.17786
205.0,206.86633
193.0,182.94618
85.0,94.27805
190.0,173.63336
174.0,157.47797
126.0,141.91513
85.0,86.77139
59.0,75.63238
153.0,135.51129
179.0,163.42444
112.0,113.62973
134.0,136.52228
219.0,209.68137
212.0,195.3667
37.0,43.398933
254.0,210.04645
72.0,51.135902
150.0,148.09692
100.0,99.661606
104.0,143.48402
180.0,164.79645
217.0,201.3541
54.0,102.28884
277.0,271.72897
216.0,243.60187
129.0,123.99125
211.0,207.15631
66.0,66.190926
82.0,74.23867
93.0,90.72322
209.0,210.72894
82.0,64.804565
57.0,58.97309
264.0,153.84074
124.0,127.739845
228.0,183.60013
196.0,187.04095
54.0,55.352062
169.0,159.22438
54.0,55.46136
96.0,91.836235
222.0,231.44376
137.0,118.25599
90.0,106.208244
100.0,115.78176
157.0,170.12712
129.0,147.59567
64.0,64.61207
194.0,183.58714
26.0,44.405933
72.0,63.217617
139.0,134.01697
91.0,111.21878
51.0,53.036053
59.0,57.445004
66.0,67.56048
152.0,137.62746
95.0,100.33385
259.0,173.33365
77.0,86.19246
118.0,117.89762
180.0,171.84137
110.0,121.22951
55.0,62.430607
165.0,154.0972
131.0,134.94499
215.0,209.4958
150.0,150.03458
213.0,203.17607
154.0,163.79915
227.0,241.16068
100.0,113.25657
64.0,62.736423
107.0,94.72888
131.0,131.26556
62.0,63.702106
170.0,171.1967
98.0,90.014915
42.0,45.08443
280.0,273.99582
90.0,87.38531
54.0,57.92681
153.0,148.06476
91.0,77.1897
237.0,162.50957
150.0,141.85202
89.0,103.608345
256.0,208.74924
156.0,154.4861
228.0,260.01657
50.0,52.77337
228.0,191.61038
64.0,68.094635
180.0,185.27603
158.0,176.81662
110.0,104.21614
197.0,202.10608
175.0,168.61772
163.0,170.3833
102.0,110.28651
166.0,163.02289
98.0,104.66509
103.0,94.87399
134.0,138.1474
134.0,139.97241
94.0,98.56522
177.0,194.41971
62.0,61.753967
254.0,162.30165
93.0,94.89905
152.0,164.5167
81.0,108.47003
119.0,115.96714
93.0,86.15188
199.0,196.62904
110.0,96.1939
94.0,85.741875
127.0,114.18384
136.0,150.71436
55.0,56.9827
115.0,117.76206
52.0,56.551983
82.0,73.460106
306.0,298.39474
194.0,156.70245
256.0,244.67679
106.0,108.206566
74.0,73.76762
153.0,142.507
158.0,153.91888
102.0,180.40451
266.0,248.5015
273.0,188.77118
155.0,166.09933
44.0,47.21732
274.0,233.29901
219.0,208.14359
81.0,112.424644
175.0,179.65106
65.0,82.662895
160.0,167.15244
180.0,202.63016
203.0,181.67216
205.0,199.04398
161.0,206.54005
67.0,69.49415
235.0,240.69675
77.0,73.473915
261.0,260.6502
74.0,72.78252
177.0,230.58806
112.0,94.55479
70.0,70.498314
90.0,101.61137
113.0,131.46617
142.0,135.28168
156.0,153.34995
43.0,43.652966
176.0,159.00256
95.0,101.26637
109.0,110.22327
136.0,130.7885
60.0,54.011997
97.0,103.65963
239.0,223.59393
112.0,200.07574
77.0,80.532005
56.0,58.72074
53.0,64.86418
46.0,55.995518
188.0,166.39911
82.0,77.47927
54.0,49.1925
78.0,70.69532
85.0,85.681496
171.0,182.43031
147.0,135.35938
159.0,156.5045
142.0,136.13934
125.0,124.632225
80.0,98.28828
82.0,100.49432
172.0,180.93794
127.0,136.87482
100.0,97.14051
18.0,157.8356
170.0,148.4304
197.0,203.58194
253.0,238.77834
223.0,212.0277
97.0,101.11411
106.0,115.51902
63.0,56.036236
91.0,107.19172
244.0,236.35251
40.0,46.516357
74.0,85.10797
171.0,174.6499
142.0,140.80011
201.0,193.40186
164.0,159.18845
158.0,155.08333
51.0,53.36228
196.0,207.87419
131.0,129.41164
67.0,65.93438
236.0,232.35063
203.0,160.14337
59.0,58.496243
153.0,153.1993
172.0,174.79718
114.0,156.88766
43.0,41.206505
227.0,225.23889
80.0,76.9741
165.0,151.87578
232.0,239.3388
29.0,40.040966
260.0,329.6844
54.0,52.459843
52.0,143.19794
107.0,162.17882
59.0,55.34664
243.0,262.8147
199.0,200.15219
180.0,202.7455
149.0,109.7878
167.0,130.60762
500.0,546.8919
165.0,158.31367
162.0,149.44797
153.0,194.81421
163.0,172.79541
182.0,182.71654
95.0,98.28103
183.0,192.07133
189.0,179.65402
164.0,168.12976
222.0,211.7113
176.0,167.37709
51.0,47.801567
139.0,144.07895
119.0,119.31931
179.0,166.34286
99.0,99.959145
145.0,161.49622
112.0,127.03222
201.0,204.36969
258.0,259.30847
50.0,44.378048
131.0,139.37741
284.0,260.24127
64.0,65.48487
108.0,112.62812
199.0,203.12651
81.0,80.02208
91.0,92.75197
260.0,204.04413
98.0,113.45632
69.0,66.722435
83.0,89.608284
248.0,203.86319
251.0,247.10358
68.0,68.158615
197.0,216.24643
165.0,151.35278
107.0,94.946884
91.0,98.590866
104.0,107.13292
65.0,61.779198
213.0,216.21402
466.0,446.71313
52.0,60.03166
146.0,121.33682
89.0,106.421364
148.0,140.26093
236.0,178.26941
153.0,244.551
82.0,85.92887
184.0,183.26056
50.0,45.0659
162.0,153.72319
99.0,162.00803
56.0,51.866474
60.0,60.81028
92.0,144.0528
135.0,144.66193
170.0,156.89215
118.0,123.014984
223.0,253.894
99.0,113.56536
134.0,152.53632
84.0,89.680244
92.0,103.5868
139.0,133.9267
123.0,127.29922
176.0,165.16318
192.0,205.22145
74.0,78.96541
76.0,85.6726
123.0,110.117775
70.0,78.26731
80.0,90.74627
78.0,76.20828
42.0,40.888454
217.0,203.41269
196.0,177.5812
94.0,97.70871
96.0,112.868965
95.0,102.19836
153.0,150.7882
100.0,98.57523
100.0,100.323006
145.0,144.08557
53.0,72.46671
152.0,155.12396
95.0,224.34007
168.0,160.11464
95.0,91.43613
157.0,145.31125
63.0,64.152855
142.0,106.642204
79.0,71.46782
74.0,69.34878
93.0,93.90696
218.0,215.35403
95.0,137.66377
67.0,75.56037
51.0,47.895657
154.0,145.12273
152.0,156.1735
198.0,168.71832
99.0,88.391815
155.0,228.29086
143.0,147.44115
284.0,275.91885
205.0,189.66556
123.0,209.20667
91.0,86.226715
98.0,101.29789
273.0,272.414
80.0,80.95554
142.0,127.41716
66.0,65.39862
184.0,172.50938
155.0,152.32112
204.0,232.17606
198.0,201.33592
80.0,77.92965
134.0,181.8135
102.0,106.061424
51.0,51.453194
140.0,156.47714
39.0,46.301582
240.0,216.19789
168.0,131.46236
187.0,249.01102
50.0,49.845036
210.0,190.82658
82.0,86.030685
82.0,75.64184
139.0,132.18097
227.0,187.47482
95.0,99.102516
241.0,250.74818
263.0,235.45238
186.0,170.55942
80.0,95.0057
59.0,52.540516
176.0,169.92514
237.0,237.25684
163.0,144.9501
166.0,153.5404
68.0,76.145966
129.0,142.06421
52.0,51.90845
121.0,126.91365
87.0,100.23531
183.0,203.51207
76.0,79.49934
150.0,145.64938
64.0,71.97845
265.0,201.19806
163.0,228.20486
212.0,221.66548
269.0,222.2927
64.0,74.36054
101.0,129.12637
168.0,218.51503
276.0,278.57916
500.0,543.65955
115.0,121.08474
54.0,51.297405
87.0,89.61945
204.0,210.57816
102.0,92.34767
240.0,222.60538
52.0,62.901585
133.0,116.32859
153.0,153.73846
87.0,92.29746
269.0,226.21402
101.0,135.89003
100.0,100.47656
186.0,171.85817
176.0,173.3493
81.0,79.618576
52.0,49.728268
167.0,160.30215
245.0,245.12634
69.0,65.98241
69.0,73.871956
290.0,292.0495
155.0,162.42212
200.0,227.72609
161.0,162.14874
42.0,47.096424
100.0,109.90927
116.0,136.96419
207.0,201.8093
174.0,158.96234
229.0,219.54903
177.0,176.86371
92.0,85.36054
87.0,81.30744
73.0,84.76412
205.0,212.31824
82.0,82.94869
184.0,212.13522
200.0,192.7128
54.0,49.333225
177.0,167.823
163.0,168.30682
208.0,206.98128
111.0,108.21111
176.0,217.24557
170.0,148.0785
105.0,101.4739
176.0,166.01746
124.0,146.10562
166.0,220.0769
173.0,161.34573
219.0,215.20522
107.0,111.25087
233.0,218.94029
78.0,77.027145
80.0,90.261894
65.0,67.79087
154.0,131.65138
101.0,100.09027
237.0,204.9686
67.0,78.61443
51.0,74.93406
203.0,191.44235
89.0,104.38307
66.0,64.77585
39.0,43.42665
69.0,71.768364
154.0,187.83804
197.0,193.4299
202.0,193.68411
72.0,83.11356
177.0,180.62794
161.0,158.6099
265.0,245.21204
258.0,198.71957
90.0,96.74767
67.0,59.730198
74.0,82.608315
352.0,245.59113
500.0,489.97742
87.0,82.89392
52.0,71.964714
176.0,177.66623
54.0,54.327038
201.0,196.57318
173.0,192.99167
146.0,126.95605
63.0,68.59159
131.0,134.5854
77.0,101.186646
248.0,158.50908
89.0,90.46032
137.0,133.61755
208.0,222.80037
87.0,73.83889
152.0,149.25769
204.0,193.75327
60.0,63.399014
227.0,242.05505
168.0,157.1688
253.0,235.01308
56.0,53.236805
67.0,66.10102
216.0,202.28787
176.0,170.44098
62.0,62.56436
82.0,84.276
91.0,223.20876
103.0,96.452576
489.0,526.40796
56.0,59.805176
40.0,47.31925
88.0,108.93639
89.0,100.06635
169.0,156.00217
166.0,162.28134
81.0,82.65537
62.0,60.649044
102.0,112.635155
173.0,197.43327
227.0,198.88742
76.0,85.450554
150.0,142.93884
250.0,247.31631
213.0,200.83511
164.0,176.48062
172.0,174.96272
221.0,176.33453
108.0,95.47438
70.0,72.52807
91.0,92.40835
85.0,86.73025
141.0,135.38043
70.0,55.572937
67.0,72.47991
65.0,58.116753
85.0,86.59979
54.0,62.069294
160.0,156.91257
179.0,166.9165
229.0,260.02356
69.0,62.020817
121.0,106.518166
